{"p0": [0.8805668016194332, 0.732484076433121, 0.6829268292682927, 0.6186252771618626], "p0_unc": [0.014590837171412126, 0.020396866782253373, 0.021911825677237456, 0.022871861488171063], "n_shots": [494, 471, 451, 451]}
