{"p0": [0.892, 0.712, 0.684, 0.52], "p0_unc": [0.013880633991284403, 0.020251222185339826, 0.020791536739741004, 0.022342784070030305], "n_shots": [500, 500, 500, 500]}
