{"p0": [0.8513238289205702, 0.7656903765690377, 0.6852248394004282, 0.6040268456375839], "p0_unc": [0.016055629313512832, 0.01937348313935964, 0.02149108469452108, 0.023131682921484046], "n_shots": [491, 478, 467, 447]}
