{"p0": [0.984, 0.99, 0.974, 0.948], "p0_unc": [0.00561141693336006, 0.0044497190922574, 0.007116740827092135, 0.009929350431926557], "n_shots": [500, 500, 500, 500]}
